,Strong,Escrow,CRDT,Stale,Block
S0,123.102698,73.861619,24.62054,12.31027,246.205396
S1,232.508083,139.50485,46.501617,23.250808,465.016166
S2,421.321833,252.7931,84.264367,42.132183,842.643665
S3,763.465876,458.079525,152.693175,76.346588,1526.931751
S4,282.879213,169.727528,56.575843,28.287921,565.758425
