port,S0,S1,S2,S3,S4
Antwerp,0.5612745098039216,0.13970588235294118,0.119281045751634,0.09558823529411764,0.08415032679738563
Busan,0.4722222222222222,0.16666666666666666,0.12990196078431374,0.12009803921568628,0.1111111111111111
Hamburg,0.27941176470588236,0.08333333333333333,0.09068627450980392,0.31699346405228757,0.2295751633986928
Nhava Sheva,0.11601307189542484,0.0727124183006536,0.09558823529411764,0.4795751633986928,0.2361111111111111
Rotterdam,0.0196078431372549,0.024509803921568627,0.03839869281045752,0.7066993464052288,0.2107843137254902
Shanghai,0.42483660130718953,0.2181372549019608,0.16748366013071894,0.10457516339869281,0.08496732026143791
Singapore,0.49836601307189543,0.24428104575163398,0.1119281045751634,0.07434640522875817,0.07107843137254902
